{
    "init_date": "202203112000",
    "time_limit": 4440,
    "ignitions": [
        "POINT:[46.230624436816434;10.17100745255191]"
    ],
    "boundary_conditions": [
        {
            "time": 0.0,
            "w_speed": 10.08,
            "w_dir": 251,
            "moisture": 14,
            "heavy_action": [
                "LINE:[46.23034361029517 46.23025474972682];[10.169846909654009 10.168917227658001]",
                "LINE:[46.23025474972682 46.22995373056359];[10.168917227658001 10.168182780174309]",
                "LINE:[46.22995373056359 46.22944194052794];[10.168182780174309 10.167070182322753]",
                "LINE:[46.22944194052794 46.22893191580636];[10.167070182322753 10.1662217998235]",
                "LINE:[46.22893191580636 46.22841682709852];[10.1662217998235 10.165869421366672]",
                "LINE:[46.22841682709852 46.22833772800297];[10.165869421366672 10.164856228736218]",
                "LINE:[46.22833772800297 46.22880019947002];[10.164856228736218 10.163790058371097]",
                "LINE:[46.22880019947002 46.229073264318814];[10.163790058371097 10.162880942130192]",
                "LINE:[46.229073264318814 46.22922498209221];[10.162880942130192 10.162471801488001]",
                "LINE:[46.22922498209221 46.22944344337626];[10.162471801488001 10.161823730101311]",
                "LINE:[46.22944344337626 46.229613176988515];[10.161823730101311 10.161457620931419]",
                "LINE:[46.229613176988515 46.229703913663776];[10.161457620931419 10.161068097001289]",
                "LINE:[46.229703913663776 46.23002469926101];[10.161068097001289 10.160688858249461]",
                "LINE:[46.23002469926101 46.23021196616933];[10.160688858249461 10.160453591831091]",
                "LINE:[46.23707636558767 46.23701652551106];[10.169087861897747 10.169692308547194]",
                "LINE:[46.23701652551106 46.23697533188211];[10.169692308547194 10.170214543970843]",
                "LINE:[46.23697533188211 46.236914682045736];[10.170214543970843 10.17059262383646]",
                "LINE:[46.236914682045736 46.23678561990792];[10.17059262383646 10.170846510661377]",
                "LINE:[46.23678561990792 46.236651434718695];[10.170846510661377 10.171096568016038]",
                "LINE:[46.236651434718695 46.236507156422654];[10.171096568016038 10.171324093699832]",
                "LINE:[46.236507156422654 46.23630994901467];[10.171324093699832 10.171427755891678]",
                "LINE:[46.23630994901467 46.236195692025824];[10.171427755891678 10.171495990236027]",
                "LINE:[46.236195692025824 46.23610408600034];[10.171495990236027 10.171620495181525]",
                "LINE:[46.23610408600034 46.236063818929146];[10.171620495181525 10.171772127319743]",
                "LINE:[46.236063818929146 46.23597479290263];[10.171772127319743 10.171896686439815]",
                "LINE:[46.23597479290263 46.23579221579255];[10.171896686439815 10.171924188272262]",
                "LINE:[46.23579221579255 46.235745277378406];[10.171924188272262 10.172086306068922]",
                "LINE:[46.235745277378406 46.23570287253706];[10.172086306068922 10.172542130735266]",
                "LINE:[46.23570287253706 46.235632184670976];[10.172542130735266 10.172812486306992]",
                "LINE:[46.235632184670976 46.23558323678493];[10.172812486306992 10.173170300034391]",
                "LINE:[46.23558323678493 46.23545375459036];[10.173170300034391 10.173287159022804]",
                "LINE:[46.23545375459036 46.23531572344745];[10.173287159022804 10.173501704744218]",
                "LINE:[46.23531572344745 46.2355407794539];[10.173501704744218 10.174365582981844]",
                "LINE:[46.2355407794539 46.23576839936996];[10.174365582981844 10.174979410015291]",
                "LINE:[46.23576839936996 46.23610029564152];[10.174979410015291 10.175725963737865]",
                "LINE:[46.23610029564152 46.23622541888491];[10.175725963737865 10.176033124290436]",
                "LINE:[46.23034361029517 46.2302188305438];[10.169846909654009 10.169818044402101]",
                "LINE:[46.2302188305438 46.2301268148557];[10.169818044402101 10.169730555775807]",
                "LINE:[46.2301268148557 46.23001108512346];[10.169730555775807 10.169564468011284]",
                "LINE:[46.23001108512346 46.22993620252795];[10.169564468011284 10.169442015143728]",
                "LINE:[46.22993620252795 46.229818992056416];[10.169442015143728 10.169294491257816]",
                "LINE:[46.229818992056416 46.22971390331808];[10.169294491257816 10.16922346122297]",
                "LINE:[46.22971390331808 46.22961742728148];[10.16922346122297 10.16919352130442]",
                "LINE:[46.22961742728148 46.22956916686604];[10.16919352130442 10.169205132890493]",
                "LINE:[46.22956916686604 46.22926884624601];[10.169205132890493 10.16971418708545]",
                "LINE:[46.22926884624601 46.22884730707589];[10.16971418708545 10.169834088473728]",
                "LINE:[46.22923250351831 46.22889173992497];[10.173115619662875 10.17233521665601]",
                "LINE:[46.22889173992497 46.22848204562804];[10.17233521665601 10.172171865992125]",
                "LINE:[46.22848204562804 46.227798353806364];[10.172171865992125 10.17169343473072]",
                "LINE:[46.227798353806364 46.22759997421798];[10.17169343473072 10.170980515969797]",
                "LINE:[46.22759997421798 46.22722330024994];[10.170980515969797 10.170212271680928]",
                "LINE:[46.2302188305438 46.23025018136861];[10.169818044402101 10.169898331908072]",
                "LINE:[46.23025018136861 46.23027850360834];[10.169898331908072 10.169964730397663]",
                "LINE:[46.23027850360834 46.23031809423963];[10.169964730397663 10.170015363823486]",
                "LINE:[46.23031809423963 46.23036416165464];[10.170015363823486 10.170096365916002]",
                "LINE:[46.23036416165464 46.23041240737783];[10.170096365916002 10.170145405178525]",
                "LINE:[46.23041240737783 46.23049598161516];[10.170145405178525 10.170179190771984]",
                "LINE:[46.23049598161516 46.23057505723998];[10.170179190771984 10.170170201705204]",
                "LINE:[46.23057505723998 46.23066200914601];[10.170170201705204 10.170115144205072]",
                "LINE:[46.23066200914601 46.23076654248564];[10.170115144205072 10.170090691351664]",
                "LINE:[46.23076654248564 46.230846815554926];[10.170090691351664 10.170085284183656]",
                "LINE:[46.230846815554926 46.23093735611943];[10.170085284183656 10.170161897453532]",
                "LINE:[46.23093735611943 46.230978486091075];[10.170161897453532 10.170303258207152]",
                "LINE:[46.230978486091075 46.23100159762846];[10.170303258207152 10.17045668428649]",
                "LINE:[46.23100159762846 46.23106966255693];[10.17045668428649 10.170619068741724]",
                "LINE:[46.23106966255693 46.23110932138573];[10.170619068741724 10.17078351699057]",
                "LINE:[46.23110932138573 46.23113403718559];[10.17078351699057 10.170960985023097]",
                "LINE:[46.23113403718559 46.23121157145443];[10.170960985023097 10.17116269493498]",
                "LINE:[46.23121157145443 46.23128983159632];[10.17116269493498 10.171353750936744]",
                "LINE:[46.23128983159632 46.23129871856322];[10.171353750936744 10.171449969363772]",
                "LINE:[46.23129871856322 46.23128566798436];[10.171449969363772 10.171760008643696]",
                "LINE:[46.23128566798436 46.231265346752274];[10.171760008643696 10.171936518980981]",
                "LINE:[46.231265346752274 46.231340022536706];[10.171936518980981 10.172115940863932]",
                "LINE:[46.231340022536706 46.231465717422545];[10.172115940863932 10.172374695992328]",
                "LINE:[46.231465717422545 46.23150735106913];[10.172374695992328 10.172887741038558]",
